"name","type","n","missing","unique","mean","median","mode","mode_value","sd","v","min","max","range","skew","skew_2se","kurt","kurt_2se","category","description"
"species","factor",344,0,4,NA,NA,152,"Adelie",NA,0.635749053542455,NA,NA,NA,NA,NA,NA,NA,NA,NA
"bill_length_mm","numeric",342,0.00581395348837209,165,43.9219298245614,44.45,44.45,NA,5.45958371392653,NA,32.1,59.6,27.5,0.0526530273158759,0.199628962161499,-0.893139655702365,-1.69796962403267,NA,NA
"bill_depth_mm","numeric",342,0.00581395348837209,81,17.1511695906433,17.3,17.3,NA,1.97479315681678,NA,13.1,21.5,8.4,-0.142208616711421,-0.539170490505936,-0.923352297120045,-1.75540761490171,NA,NA
"flipper_length_mm","numeric",342,0.00581395348837209,56,200.915204678363,197,197,NA,14.0617136793569,NA,172,231,59,0.342655446999121,1.29914564746771,-0.999186609405274,-1.89957807905881,NA,NA
"body_mass_g","numeric",342,0.00581395348837209,95,4201.75438596491,4050,4050,NA,801.954535698095,NA,2700,6300,3600,0.466211676890885,1.76759738138052,-0.739519978867499,-1.40591950258308,NA,NA
"sex","factor",333,0.0319767441860465,3,NA,NA,168,"male",NA,0.499959418878338,NA,NA,NA,NA,NA,NA,NA,NA,NA
